label,risk_score
-1.0,-0.9382406422943761
1.0,1.201178173176798
-1.0,-2.4510666295249184
-1.0,-0.23788508132440866
1.0,0.03797530126553128
1.0,1.1828294027791328
-1.0,-0.13224181007058333
1.0,0.1426058889853421
1.0,0.5949093416117519
1.0,0.4145706193441454
-1.0,-2.412105609348659
-1.0,-1.0020907376481334
-1.0,-1.291204143359893
-1.0,-0.3054182354965762
-1.0,-0.18586823046320133
1.0,0.5158614547735836
-1.0,-1.8211922795345588
-1.0,-1.3687371127284125
-1.0,-1.8855640844634551
-1.0,-0.2574302701012259
-1.0,-1.4307291173164474
1.0,0.9422453307354302
1.0,0.8319615700994218
-1.0,-1.3414595464120411
-1.0,-1.8966006653816991
-1.0,-2.420523455432944
-1.0,-0.17265768367599477
-1.0,-0.719426274123238
-1.0,-0.002826856412242895
-1.0,-1.2449036270908793
-1.0,-0.8092475133537407
-1.0,-1.338001036174093
1.0,2.029905205064493
1.0,0.2816378981715373
-1.0,-1.5351521082322692
-1.0,-0.17441167637008603
1.0,0.12838867861415637
1.0,1.11127856087961
-1.0,-1.2898194639978457
1.0,1.5008518678582716
-1.0,-0.5950474531629781
-1.0,-0.8977317622669163
-1.0,-0.2903263426679261
-1.0,-1.768255695858558
1.0,0.41739463911141983
-1.0,-0.3251664621374759
-1.0,-1.124115589689042
1.0,1.9134480875791822
-1.0,-1.2538731281071038
1.0,2.003240791029155
-1.0,-1.4964697666080171
-1.0,-0.40632087116813564
-1.0,-0.6818009125938731
-1.0,-1.0219825676890097
-1.0,-1.483052126798073
1.0,0.6103577970941372
1.0,1.2794726848617854
-1.0,-0.6463130808186308
-1.0,-0.9292498944786318
-1.0,-1.498096289242257
-1.0,-0.9730087773385792
-1.0,-0.6100404329213818
-1.0,-0.6444468526326561
-1.0,-0.4700463131262056
-1.0,-0.41788129254575934
1.0,0.13835962396080803
-1.0,-1.539812368701577
-1.0,-0.7400553956234732
-1.0,-0.0590817825161325
-1.0,-0.7344773551445785
-1.0,-1.7210377153448932
-1.0,-0.6551397233810137
-1.0,-1.361641023227209
-1.0,-2.40847171351078
-1.0,-0.1545143185409772
1.0,0.6032459402973684
-1.0,-0.38748660826587566
1.0,0.37207884050735474
-1.0,-0.758624297676876
1.0,1.821895943402238
1.0,0.3563000254043216
-1.0,-0.3067603399824763
-1.0,-1.607328089127863
-1.0,-0.604750452964369
1.0,2.004082731776263
-1.0,-1.3851453077657554
1.0,0.1960816643430674
1.0,0.40869268948091375
1.0,0.9746882828462147
-1.0,-0.3559871312299394
-1.0,-0.9876927487457594
-1.0,-1.455837362661727
-1.0,-1.79502294265359
-1.0,-0.43783812154430435
1.0,2.4889356742735327
1.0,2.796531372700654
-1.0,-1.7375032646927495
-1.0,-1.1856570261213635
-1.0,-1.2369991271388032
-1.0,-1.9796161232928868
1.0,1.053350609888524
-1.0,-1.006165490295645
-1.0,-1.7613140089829942
1.0,0.10496422207324785
-1.0,-1.4758612155321218
-1.0,-2.0711933445797985
-1.0,-2.260937818105335
-1.0,-2.0255845126852154
1.0,0.1722741155664933
-1.0,-0.6609585225247103
-1.0,-0.9238539283708194
-1.0,-1.604243386914051
-1.0,-0.4108326397716284
-1.0,-0.35547355551972415
-1.0,-2.401256977880907
1.0,1.6916340699100358
-1.0,-1.8075361862455581
-1.0,-1.0338938824538688
-1.0,-0.8102006228741077
-1.0,-2.0345986559048033
1.0,0.6819494753645456
-1.0,-0.7327979777377338
1.0,0.9660872760612149
1.0,0.16285240354170427
1.0,1.0677380168336852
-1.0,-1.0792648381302017
1.0,0.07446077296373077
-1.0,-2.625167462367701
-1.0,-0.4283916257419962
-1.0,-0.9351194474474214
-1.0,-1.2529930429520293
-1.0,-0.13436122224465108
-1.0,-1.210183603597274
-1.0,-0.6031713905095459
-1.0,-0.6880001378793865
-1.0,-0.8121112011891698
1.0,0.842215036150604
1.0,0.6053320246864458
-1.0,-1.7897188724942354
1.0,0.3673867214499167
1.0,0.04903926956222748
1.0,0.03365737060386054
-1.0,-0.6317606745035975
1.0,0.01056503547846277
-1.0,-0.8245638138257065
1.0,1.5918215868228442
-1.0,-1.517873078819436
-1.0,-0.03300381408163999
-1.0,-0.15080442415865192
1.0,1.1200853915706814
-1.0,-1.2594926759609295
-1.0,-2.433484097894281
-1.0,-0.6785635840598745
-1.0,-0.7472284952893362
1.0,1.1380591615739475
1.0,1.52134559658043
1.0,0.34560154148084465
-1.0,-1.3493850292644554
-1.0,-0.8276704576822469
-1.0,-1.3326217995173708
-1.0,-1.935927619790563
-1.0,-1.0981685608757077
-1.0,-1.7366944750343138
-1.0,-1.546600223025395
-1.0,-1.1904296498402702
1.0,1.078775825817216
1.0,0.9476385443922466
-1.0,-1.7102069646177271
-1.0,-2.292339560983182
-1.0,-1.1168615137110594
-1.0,-1.5310791830965529
-1.0,-0.7123903235585105
-1.0,-1.3444240879400142
-1.0,-0.08117963984088461
-1.0,-0.9919005173943576
-1.0,-0.261375395377742
1.0,1.0224308320438225
-1.0,-0.9190436548217364
-1.0,-0.5625215222532078
-1.0,-1.3639333683724446
-1.0,-1.2918510194278399
-1.0,-1.6745468603103875
-1.0,-2.9645274801170007
-1.0,-1.0170801276047443
-1.0,-0.5100655001595571
-1.0,-2.0903639434062615
1.0,0.21221155716403772
-1.0,-0.9648909725880814
-1.0,-1.0420885254162344
-1.0,-2.0605063980461313
-1.0,-1.7361953861095587
-1.0,-1.5097164810186727
-1.0,-0.557639470527677
1.0,1.0520393099286578
-1.0,-1.039137998175535
1.0,2.317293700358446
-1.0,-0.7236998548734748
-1.0,-0.11251513009682568
1.0,1.0484318956664522
-1.0,-2.340449688351841
1.0,0.08610936972450944
-1.0,-3.4691815141681577
-1.0,-1.0401268187701491
-1.0,-1.9402862774275051
1.0,0.5740219123527466
1.0,1.1790117392167743
-1.0,-1.4546088482628663
-1.0,-0.35655702280780743
1.0,0.27609862099239835
1.0,1.6908966222790112
1.0,1.3727406123236945
-1.0,-2.2180465228375414
1.0,2.2485315800952304
-1.0,-1.1013130170451306
-1.0,-0.9518657501903378
-1.0,-0.5487623640199801
-1.0,-0.3447700117898209
-1.0,-1.312458292354053
-1.0,-1.8515629528483275
1.0,0.21542338904111902
-1.0,-2.293561177013716
-1.0,-1.3132838994101819
-1.0,-0.29811844020315603
1.0,1.1971556213949823
-1.0,-1.8451406347031722
-1.0,-0.20306853310813877
-1.0,-2.2101510040167813
-1.0,-1.5458851356740426
-1.0,-0.7021985279922676
-1.0,-2.2805436035992006
-1.0,-1.776511132462703
-1.0,-1.7664627588790738
1.0,0.3616329423149962
1.0,0.8477503595624383
-1.0,-1.1772554835392854
-1.0,-2.249429558419367
-1.0,-2.129777500131299
1.0,1.2812617534710269
1.0,0.40318865519310365
-1.0,-0.30349108053900564
-1.0,-0.6746659016479855
1.0,0.33444066506643666
-1.0,-1.8210423666446347
1.0,0.29324049705576116
1.0,1.7881168183383223
1.0,0.8675524862834421
-1.0,-1.7588578898734697
-1.0,-0.9086751184328834
1.0,1.6673676322257036
-1.0,-0.9553165327251365
1.0,2.067176389421318
1.0,1.0735822573312233
1.0,1.2621160536325517
-1.0,-0.269185561339812
-1.0,-0.7561362135407153
-1.0,-1.7638158104884967
-1.0,-1.20008107678308
-1.0,-1.0557388434154988
1.0,1.0531428506994287
-1.0,-0.7897024722401527
-1.0,-0.18079793641175157
1.0,0.20356738936567198
-1.0,-1.2594548958643388
-1.0,-1.0059500041517155
1.0,0.6937304275399454
1.0,1.4275929597282568
-1.0,-1.609109659840273
-1.0,-2.0951171484351807
-1.0,-0.9684302355989887
1.0,0.6403001343390413
1.0,1.3222301578567779
-1.0,-2.452722237897037
-1.0,-0.044284968701619354
-1.0,-2.161679557295942
-1.0,-0.6131460155839379
-1.0,-1.4067832817140145
-1.0,-0.6445216592330796
-1.0,-0.8422686295821806
-1.0,-2.9146050030380497
1.0,0.40228428999057386
-1.0,-1.5832425674651647
-1.0,-0.9721461580520001
-1.0,-2.1976160661787976
-1.0,-0.47770990579488326
-1.0,-1.7653307075793252
-1.0,-0.031972568960556336
-1.0,-0.5645748120974774
-1.0,-0.10923032048145997
-1.0,-2.5416690901917622
-1.0,-0.27707987690695446
-1.0,-1.7206358778287283
-1.0,-0.14179087615235786
-1.0,-2.295029456748866
-1.0,-1.8824268631550483
1.0,0.148940940803014
-1.0,-2.963677362672401
1.0,1.3853577742653143
-1.0,-1.5634716181324408
-1.0,-0.9140225401653213
1.0,0.13463734042585274
-1.0,-1.8029800441959212
-1.0,-0.03161068766780928
1.0,0.5785004987005762
1.0,0.6095812237850835
1.0,1.6579455462315293
-1.0,-0.54254475745188
-1.0,-0.6410540614117808
-1.0,-1.272730416763524
1.0,0.756627161696086
1.0,0.8002902627833903
-1.0,-0.8630385706460417
-1.0,-2.966786679334577
-1.0,-1.140099689129842
-1.0,-0.4862321471894988
1.0,1.0663042877451387
-1.0,-2.0541519402193575
-1.0,-0.03363279823145304
-1.0,-1.0064692877605255
1.0,0.5934396198139196
-1.0,-1.9537700462756236
-1.0,-1.45714398977387
1.0,2.2136858830199895
-1.0,-0.27495107340496516
-1.0,-2.1162810602631925
1.0,0.9295915572678537
1.0,0.7513694542916467
-1.0,-0.21508679281646592
-1.0,-1.1866530263066595
-1.0,-1.387752652314761
1.0,1.8476450969666287
-1.0,-1.6295996228871574
1.0,0.2787593261623995
1.0,0.04103296220551855
-1.0,-0.28664842819381575
-1.0,-0.5954004981193195
-1.0,-2.7457421631701795
-1.0,-0.48200464418880684
-1.0,-0.007327626741018056
-1.0,-0.5702272253543599
-1.0,-0.12967676580274357
-1.0,-1.1925840034878108
-1.0,-0.9513775094824284
1.0,0.43202613181659744
-1.0,-0.3479229275420168
1.0,1.4162605479168617
-1.0,-1.3959919900902393
-1.0,-2.100005822590676
-1.0,-0.5600078021172139
-1.0,-0.18881232498381606
-1.0,-1.707605093815859
1.0,0.5602618253973886
-1.0,-1.1529852179982656
-1.0,-0.1190044503258052
-1.0,-0.7722997406149845
-1.0,-0.981411424295574
-1.0,-1.1317901812052484
-1.0,-1.624803213895065
-1.0,-0.4912965327865224
1.0,0.6364100367430849
-1.0,-0.35371993032913607
1.0,0.9695910560618002
-1.0,-1.1350899245456973
-1.0,-0.5017552165440422
-1.0,-0.9492421318669828
-1.0,-1.6919031480885012
-1.0,-1.4522702813761172
-1.0,-1.2538645041923375
-1.0,-0.8791045815396517
-1.0,-0.23307290772152256
1.0,2.695975321926481
-1.0,-0.57940634905316
-1.0,-1.2354736631536996
-1.0,-0.7309644691968644
-1.0,-1.6252795240828861
-1.0,-0.43465715783850256
1.0,1.143042582138831
-1.0,-1.971423136932289
-1.0,-0.9954797217681077
-1.0,-0.26299602882903783
1.0,0.102046226023502
-1.0,-1.3168293172379337
1.0,1.676335475969209
-1.0,-0.682339257646136
-1.0,-2.1285778355294855
-1.0,-0.22777402071409525
-1.0,-1.7620409971667657
-1.0,-0.22394514365791607
-1.0,-0.6133798238960553
-1.0,-0.12700139607557204
1.0,1.1564565599156238
-1.0,-1.9813991288924073
1.0,0.6484385987246795
-1.0,-1.1508869614093287
1.0,1.767202773481641
-1.0,-1.7024098905266685
-1.0,-1.787324021486201
-1.0,-1.4604288488377521
-1.0,-1.553105999210915
-1.0,-1.4804389760853967
-1.0,-1.4417833212856992
1.0,1.7713533660939318
-1.0,-1.297838397497175
-1.0,-2.663269887916643
-1.0,-1.5036185034624638
-1.0,-0.9757773876752667
-1.0,-0.20155730265048688
-1.0,-0.8408848411075966
1.0,1.5093472839999988
-1.0,-1.3170350126010264
-1.0,-1.2472542867757583
-1.0,-1.2149328190054705
1.0,0.9619382837413453
-1.0,-0.1448297694889804
-1.0,-2.016993079189037
-1.0,-1.3045579484394254
-1.0,-1.8447517486998792
-1.0,-0.6965560358791565
-1.0,-1.4071687220563278
-1.0,-0.8235407601302158
-1.0,-1.6132470364998441
-1.0,-0.3803279257131764
1.0,0.9424756621272066
-1.0,-1.1201415561152162
-1.0,-0.20752218987104398
-1.0,-1.7111674602946338
-1.0,-2.1634375681912292
1.0,0.9256841087641858
1.0,0.22206374920983607
-1.0,-0.12493929163940876
-1.0,-1.9906020541886293
1.0,1.7196683440660065
-1.0,-1.7362470904312788
-1.0,-0.8114020175680154
-1.0,-0.6504662501634486
-1.0,-0.8525346460082817
1.0,0.7208698084842224
-1.0,-1.2508594329120812
-1.0,-0.8882356554236723
-1.0,-2.08412216222621
-1.0,-0.28340680141809726
-1.0,-0.831663040124569
-1.0,-1.3500685886263015
-1.0,-1.7928262448870684
-1.0,-1.619142585968406
-1.0,-0.04329877140810523
-1.0,-0.354625100870267
-1.0,-2.8226187626570454
1.0,0.6006345553455203
-1.0,-1.5467132060349529
-1.0,-1.1343328391133143
-1.0,-0.7508863655119187
-1.0,-1.0767933039022937
-1.0,-0.6893161873271667
-1.0,-2.346304972060638
1.0,0.25495606448566677
-1.0,-0.04039211333264503
-1.0,-0.45292039581704713
-1.0,-0.4677293996682026
1.0,0.022961108604873326
-1.0,-0.31133545915122496
1.0,0.35684312722957956
-1.0,-0.9690772077705689
-1.0,-0.5680415665196408
1.0,0.8202865820609004
-1.0,-0.5071231736856718
-1.0,-1.537218872123505
-1.0,-0.28269143477490544
1.0,0.06525906861116781
-1.0,-0.7950381761297096
1.0,0.6551883890904817
1.0,1.1000474607104123
-1.0,-1.7413421864559966
-1.0,-0.9632259051922476
1.0,0.9765469493635222
1.0,0.0962380460720722
-1.0,-0.2102007587859036
-1.0,-0.2751437416430933
-1.0,-1.5192973423913274
-1.0,-1.4302616162926272
-1.0,-0.19991962707939748
-1.0,-2.2714672205257234
-1.0,-1.357421216040679
1.0,2.174229492432458
-1.0,-2.3709926673446393
-1.0,-1.3808054783224308
-1.0,-1.9067750411838362
-1.0,-0.22376741811831535
1.0,0.9152820816056517
-1.0,-1.2696524473145148
-1.0,-1.2036544889052736
-1.0,-1.6328348517754436
-1.0,-2.0868353277665523
1.0,0.37991263550099874
-1.0,-0.9025251898943354
1.0,0.9748522567716107
-1.0,-0.09354477002540462
-1.0,-0.06782700937040587
-1.0,-0.0556609273557187
-1.0,-1.32263072587307
-1.0,-1.2551837937934935
-1.0,-0.4809667740864272
-1.0,-0.3174313189134652
-1.0,-1.3728247531492472
-1.0,-1.7953214534179567
-1.0,-0.35550848772715127
-1.0,-0.9866045715292004
-1.0,-1.7376669014591373
-1.0,-1.4236717678082316
-1.0,-0.8965693497273166
-1.0,-1.978191311373793
1.0,0.25202929409556263
-1.0,-0.44162141635382723
-1.0,-1.1662600700015007
-1.0,-1.5365849222524177
-1.0,-0.5548621453868081
1.0,1.1431047972548056
-1.0,-2.6897283974410033
1.0,2.465294223436329
-1.0,-1.3672510375648146
-1.0,-1.9714097221719855
-1.0,-0.8968730418386615
-1.0,-0.4670400224139273
-1.0,-0.7494350500550142
-1.0,-2.18898518347004
-1.0,-2.001236555302741
-1.0,-1.251546369361394
1.0,0.9869449428394985
-1.0,-0.7955714361386315
1.0,0.021416374441115105
-1.0,-1.7339313107543732
-1.0,-1.5595819478003834
-1.0,-1.952967182049919
-1.0,-0.7232220147988657
1.0,0.9259236302617053
-1.0,-0.6079435960058406
-1.0,-1.1318460007535707
1.0,0.04310204723713995
-1.0,-1.1663396678194446
-1.0,-2.3638317006558527
-1.0,-2.966280078378931
1.0,2.158208334209972
-1.0,-1.145817543638772
1.0,0.7130231833723981
1.0,0.24084597655973838
-1.0,-0.10229888074161564
-1.0,-0.5632546275831503
-1.0,-0.10336937958484937
1.0,0.25659452361145285
-1.0,-0.9373100887471553
1.0,0.5717800963018063
1.0,0.48421391564545346
-1.0,-0.28886294860467543
-1.0,-1.5150486209962553
-1.0,-1.5533977364818286
-1.0,-0.8312071272625887
-1.0,-1.5749797415111588
-1.0,-1.1622550219464658
-1.0,-1.230453879820631
-1.0,-1.877018874203374
-1.0,-0.035107007873820484
1.0,0.923670374476613
1.0,1.1350541662094698
-1.0,-0.7093635206186393
-1.0,-0.7315280018586934
1.0,1.2238877770380425
-1.0,-0.6931345012066872
1.0,1.1362250568693055
-1.0,-0.20568848066523215
1.0,1.1997215331562627
-1.0,-0.9228552587295569
1.0,0.7005548562978545
-1.0,-0.46074297787890983
-1.0,-1.941697390723222
-1.0,-0.6535095083203275
-1.0,-2.3647038113220464
-1.0,-2.3413024451748488
-1.0,-1.6941718975873543
-1.0,-0.8585042109230032
1.0,1.7522365301477392
1.0,0.4533521723565157
1.0,0.9535725388852809
-1.0,-0.03797825041664438
-1.0,-0.5392647117811309
1.0,0.1319215950459791
-1.0,-0.06597641252321451
1.0,0.9126531298388711
1.0,0.7203041928656246
-1.0,-1.4272110014426873
1.0,0.2847279893779826
-1.0,-2.1607105285651205
-1.0,-4.298638322589172
-1.0,-1.0633795792142011
1.0,2.1207393132430052
-1.0,-1.634204271988439
-1.0,-0.9609905740440483
-1.0,-1.8929838525039615
1.0,0.49498385423009794
-1.0,-0.6857604602299163
-1.0,-0.8229479996564935
1.0,0.07017498171961578
-1.0,-0.20511465537578188
-1.0,-0.5464742675271184
-1.0,-1.1020070338983048
-1.0,-0.10780469169390172
-1.0,-0.9444022213826899
-1.0,-0.7373906836887458
-1.0,-1.1697232953912946
-1.0,-1.5518197605241555
-1.0,-1.1384230365298451
-1.0,-0.9998578394261146
1.0,0.774962330780282
1.0,0.2189972927595234
1.0,0.20632119921219627
-1.0,-0.3068916290315842
-1.0,-1.0183290265276825
-1.0,-1.4417279738557924
-1.0,-0.5703161871789193
-1.0,-1.1007032907716068
-1.0,-0.31596176204476634
1.0,0.12516066098805667
1.0,0.4541202170315144
-1.0,-1.847759627831694
-1.0,-2.1545507639991133
-1.0,-1.1495383703628492
-1.0,-0.20511943819391987
-1.0,-0.12768361502361514
-1.0,-1.5613867872620533
-1.0,-0.7286670700791562
-1.0,-0.8644130797865175
-1.0,-2.82882130881916
-1.0,-1.1595815330290422
-1.0,-0.751126634631534
-1.0,-0.12611245276247174
1.0,9.036127583874473
-1.0,-1.918445908429591
-1.0,-0.10049773279144047
-1.0,-1.4911344151315136
-1.0,-1.3054788351724385
-1.0,-0.6108499505020022
-1.0,-1.0170393371972197
-1.0,-1.5380683104482402
1.0,0.42994601729676973
1.0,0.3918010699478016
1.0,0.5745368425498028
1.0,0.5917231075086404
-1.0,-1.716986191529317
-1.0,-0.9762972757956747
1.0,0.21867667223949483
-1.0,-0.2328593648243229
-1.0,-0.6853128510810522
-1.0,-1.095011214914139
-1.0,-1.5776373635724228
-1.0,-0.45361546929098195
-1.0,-1.3484069017694666
1.0,0.8818190733569493
-1.0,-0.8079234099473653
1.0,0.7282275570262284
-1.0,-0.5562873385629261
1.0,1.825858923687717
1.0,0.4647108326059295
-1.0,-0.6825798471338673
-1.0,-2.0202165065217077
-1.0,-3.031859745882743
-1.0,-1.9440337455629348
-1.0,-1.5682412271557398
-1.0,-0.6737695924915117
-1.0,-0.4220017952286257
1.0,1.468326954504674
-1.0,-2.088563863347135
-1.0,-0.4489259167830839
-1.0,-1.0485159632675918
-1.0,-1.1756918200579791
-1.0,-1.940508602351885
-1.0,-1.691023192542788
-1.0,-1.2937291952505647
1.0,0.19734456381706722
1.0,1.8004261424402428
1.0,0.31411579221730634
1.0,1.752833748440706
-1.0,-1.2060107994127536
1.0,1.026281154995557
-1.0,-1.510297368828107
-1.0,-0.6695335723783857
-1.0,-1.1142662837613686
-1.0,-0.439463805178123
1.0,0.01116532728300812
-1.0,-1.4848956639623354
-1.0,-1.7900300705245529
-1.0,-1.5030492658507357
-1.0,-0.802458821521556
-1.0,-0.9722005537948932
-1.0,-1.0403528198711471
-1.0,-0.6346580485412703
-1.0,-0.8277580395051716
1.0,1.971053964207327
-1.0,-1.8439371828366136
-1.0,-0.7373071745614668
-1.0,-0.8891053326137255
1.0,0.9661947721143049
-1.0,-0.7296912612896465
1.0,2.8113371575442994
-1.0,-0.4629064658263944
-1.0,-1.1631440982408223
-1.0,-1.1395401565003753
-1.0,-1.2487419207103032
1.0,0.21420568992811995
1.0,0.9489218045198398
-1.0,-1.436981749180491
-1.0,-1.0114428143052139
1.0,0.7060797822052776
-1.0,-1.0924793951542726
1.0,0.3120747798162695
1.0,0.48915083813682103
-1.0,-0.07145670409579608
-1.0,-1.6645476819934417
-1.0,-1.713919984208873
-1.0,-1.349938745259381
-1.0,-2.0040487559386424
-1.0,-1.5655203888888438
-1.0,-1.2630661961383127
-1.0,-0.42085768952989766
-1.0,-1.375615868567367
-1.0,-2.119635044793485
-1.0,-0.6267542615884183
1.0,0.3957571334274219
-1.0,-0.9263526327384868
-1.0,-1.337188865546638
1.0,1.881455179054113
-1.0,-2.2892062761986853
1.0,0.21204506829252368
1.0,0.4044651374406938
1.0,0.2538374308887781
1.0,0.04320080397127257
1.0,0.1449377918070225
-1.0,-1.1199309179822323
1.0,0.6931365707108041
-1.0,-3.4131720362976257
-1.0,-1.4553932054850536
-1.0,-0.27482657396854093
-1.0,-0.4608801322582978
-1.0,-2.7792571347652046
-1.0,-0.914284309058816
-1.0,-2.3280313716693986
1.0,0.7617624652898185
-1.0,-1.900504978447488
1.0,0.1812777239792338
-1.0,-1.619119042401907
-1.0,-0.961428624897964
1.0,1.2649721071095412
-1.0,-2.0095235005368313
1.0,0.8611314693913228
-1.0,-1.1104799535142449
-1.0,-0.8096972201939836
1.0,3.5593038005720796
-1.0,-1.1152482128610488
-1.0,-1.982394371697582
-1.0,-0.11447420937352759
-1.0,-0.8874543852906542
1.0,1.1619489116776534
-1.0,-1.0532856708244382
1.0,0.5314196356142118
-1.0,-2.449906952097537
-1.0,-1.74844029826278
-1.0,-0.38320301258204537
-1.0,-1.4546279753074616
-1.0,-1.2377202457926744
-1.0,-0.29076706142177655
1.0,1.1788265126745598
-1.0,-2.629894061669747
1.0,0.8840996952400799
-1.0,-1.7546093175684534
-1.0,-0.8688705708970035
1.0,1.3275383650578176
-1.0,-0.19159386573517323
-1.0,-1.6125014063727023
-1.0,-0.6024270862843666
-1.0,-1.2059394501263812
-1.0,-1.4455478555604502
-1.0,-0.1451458963068164
-1.0,-1.8629729413717102
1.0,0.3541804173571548
1.0,1.003685136688601
1.0,0.7287397407754936
-1.0,-1.3027081165188308
-1.0,-0.05428138740649202
-1.0,-1.163917319425481
-1.0,-2.311106330107579
-1.0,-1.3337369212510468
-1.0,-0.5247391279258993
-1.0,-1.1322437005439399
-1.0,-1.4715411917711962
1.0,0.0500734298841492
-1.0,-0.9549423322176283
-1.0,-1.9123363480590017
-1.0,-0.8111671200051107
-1.0,-1.1330401834731576
1.0,0.9827013064626711
-1.0,-1.2491443182839548
-1.0,-1.9516999724399697
1.0,0.2967317617593024
-1.0,-0.6596406442757841
-1.0,-1.3967264703324547
1.0,1.714308928233207
1.0,0.3077273360954662
1.0,1.0033000961163892
1.0,0.354016556462055
1.0,0.2943092715581186
-1.0,-0.46871188994504265
1.0,0.6965961097400266
-1.0,-0.3226020507110563
-1.0,-1.411794019402352
1.0,0.7057692350510918
-1.0,-0.06815581775748725
-1.0,-0.3119425572368202
-1.0,-1.6642124639491287
-1.0,-1.177050660934073
-1.0,-0.9930151992274447
-1.0,-1.5690579375778968
1.0,2.196629564762814
1.0,0.3151990506590876
1.0,2.0449603903634266
-1.0,-2.270631372452103
-1.0,-1.714620222263308
-1.0,-0.8601491985492389
-1.0,-0.5079640683069913
-1.0,-2.0677269342834297
-1.0,-1.4826272280511164
-1.0,-0.3422079072468607
-1.0,-0.8047990090113915
1.0,0.32256113590528757
1.0,3.117484961879766
1.0,0.5170389162735758
-1.0,-0.80861922099041
-1.0,-2.5532503155507147
-1.0,-1.125462976533642
-1.0,-1.31292472945063
-1.0,-1.549282064336724
-1.0,-1.8425967084408528
1.0,1.3815028711924227
-1.0,-1.5467703857039525
1.0,0.29454746372374374
-1.0,-2.235257886540696
-1.0,-0.5874859964893078
-1.0,-1.84359963888369
-1.0,-2.2467561859577376
-1.0,-1.072124453896352
-1.0,-1.098002133492345
1.0,0.6001138310582503
-1.0,-0.6557316474748534
1.0,0.08083619685475996
1.0,0.12404980794474185
-1.0,-0.46280063442356023
-1.0,-1.8828623808474292
-1.0,-1.7281465073237443
-1.0,-1.111251634577515
-1.0,-1.591854014902937
-1.0,-0.974246225861181
1.0,0.5374900613604139
-1.0,-0.9165054525955172
-1.0,-0.39120982445587216
-1.0,-1.4856764376557423
1.0,1.1959231791449254
-1.0,-1.1303205096495519
-1.0,-1.1068076750048037
-1.0,-1.969493912238535
1.0,0.5838184555077517
1.0,0.21855287149099767
-1.0,-2.086328297398156
-1.0,-1.1051153112331933
1.0,0.507308290822776
-1.0,-0.8246789338966793
-1.0,-1.2270171331708768
-1.0,-1.227312149113631
1.0,0.4991523033308438
-1.0,-2.2009383306053696
1.0,1.0891010232127185
1.0,0.0845988903139967
-1.0,-1.952023893940465
-1.0,-1.6524352298342266
-1.0,-0.005268999592034751
-1.0,-1.117140286433825
-1.0,-1.3825980824473179
-1.0,-0.8380161783626379
-1.0,-1.6275621895320016
-1.0,-1.561096195387053
-1.0,-0.36016226359731873
1.0,0.7020493205168334
-1.0,-0.7513591200727789
-1.0,-0.08527280159575112
-1.0,-1.982624240697591
-1.0,-1.3192692386477363
-1.0,-2.828507507568533
-1.0,-0.9599669703146974
-1.0,-0.16059747777677713
-1.0,-1.4265172284672774
-1.0,-1.0530032459720375
-1.0,-1.956945513877146
-1.0,-1.2654975009332945
-1.0,-1.5512329113488492
1.0,0.15457797746392843
1.0,0.6434486656415273
-1.0,-2.129077953389471
-1.0,-1.3597169765915582
1.0,1.070019824811139
-1.0,-3.1585607108664835
1.0,1.6931597261719828
-1.0,-1.2585389887902367
-1.0,-0.5853045591487687
1.0,3.576327693135225
-1.0,-0.40661568244320434
-1.0,-1.2266020326499658
-1.0,-0.5347439921371249
-1.0,-2.38139482903364
-1.0,-0.8883743240094206
-1.0,-0.7083519610748696
1.0,0.24611460997402745
-1.0,-1.0783492059167104
-1.0,-0.7809173431947458
-1.0,-2.4585212900867095
-1.0,-1.7893646497640263
-1.0,-1.3563607917104166
1.0,0.3502376574364787
-1.0,-0.005048488809679119
-1.0,-1.9224530283748338
1.0,1.333406114272263
-1.0,-1.8770031979926232
1.0,0.1176644919914891
1.0,0.918258474624791
-1.0,-0.7186457603615979
1.0,2.148665623382099
1.0,0.6795295238894126
-1.0,-1.0234187282750342
-1.0,-1.1420541181320247
-1.0,-1.5292132009076924
-1.0,-2.68497302970019
-1.0,-2.47836089552243
-1.0,-1.4619103615498845
-1.0,-0.5424562956486072
-1.0,-0.2323237868837411
-1.0,-1.318292342918882
1.0,0.1545346319167591
-1.0,-0.9356795118423535
1.0,1.665366545363723
1.0,0.3530878415375567
-1.0,-0.8838113282668603
-1.0,-1.008563740919273
-1.0,-0.6928517644863648
1.0,0.06800322785357893
1.0,0.17858649599133813
-1.0,-0.7283892205383624
1.0,1.2795163140791017
-1.0,-0.7390828552086661
-1.0,-1.6243737581286852
1.0,2.1379540704928655
-1.0,-1.9353329539033
1.0,1.6828977664212614
1.0,2.2461199804401115
-1.0,-0.03037972638660036
1.0,0.1666303782984626
-1.0,-1.6753763160741657
1.0,0.7640015261804918
-1.0,-0.5974588077030505
-1.0,-2.517295639027113
-1.0,-0.379518287932912
-1.0,-1.1608881250350025
-1.0,-1.5806665989566129
1.0,0.7373210047539642
1.0,1.68194270177173
1.0,1.5075593121183586
-1.0,-0.9079144555555574
-1.0,-1.0165877954402747
1.0,0.6916571860279801
1.0,0.4755297347340941
-1.0,-1.623325697170573
-1.0,-0.6740803842619714
-1.0,-1.3281641894188867
-1.0,-2.077799242442582
1.0,1.2584478002835893
-1.0,-1.5083922994267043
1.0,2.2602632240273106
-1.0,-0.6001080559708514
-1.0,-0.7453957297805134
-1.0,-1.4796793014381266
-1.0,-0.5754218566391403
-1.0,-1.3197691566282985
1.0,1.350811322157709
-1.0,-0.6865847596535575
1.0,1.6822666689010062
-1.0,-0.8710250322662618
-1.0,-0.7294342274049102
1.0,0.16645491096551113
-1.0,-1.2932854812536918
-1.0,-1.2768578186524466
-1.0,-1.5980399494636701
-1.0,-0.39420377686315233
-1.0,-0.7246085603415524
-1.0,-0.7950706973362018
-1.0,-1.315642395215663
-1.0,-0.5695430716444336
-1.0,-1.6550891238081265
1.0,0.745580291294685
-1.0,-2.32859175467914
-1.0,-0.8654523562630076
1.0,0.05124173938759058
1.0,1.6622938987589733
-1.0,-0.9670804077436246
-1.0,-0.0882732147406402
-1.0,-0.6496928970826177
1.0,0.9784437347963701
1.0,2.190838225007324
-1.0,-0.7434239898936441
-1.0,-0.42804845726550567
-1.0,-0.6383725013886321
-1.0,-0.14077331522651249
-1.0,-2.7821625306875735
1.0,0.768452984635472
1.0,0.26851543993154636
1.0,0.5930767013668385
1.0,0.21449285286166586
1.0,2.6988761712974547
1.0,1.8548390690981462
-1.0,-0.5445614587902143
-1.0,-0.9869189371653151
1.0,0.5927269068050676
-1.0,-0.7885292637116679
-1.0,-0.6269491342877147
-1.0,-0.06510778397103123
1.0,1.3712427059593308
-1.0,-2.1564120753009224
1.0,0.4199604615076835
1.0,0.5535777576884
1.0,0.4400339350141833
1.0,0.016024929676232924
-1.0,-0.9404008287499452
-1.0,-1.3536733687177518
-1.0,-0.6245840128298725
-1.0,-1.3104953462639644
-1.0,-0.44725657468672053
-1.0,-1.7462830989568958
1.0,0.3236271024716457
-1.0,-2.1914345109850064
-1.0,-1.0588845231566795
-1.0,-1.26119267116991
-1.0,-0.9320712421772457
1.0,0.5313245407502889
-1.0,-0.5406242404860124
1.0,2.193418441151435
1.0,2.454714239959456
-1.0,-1.300932179191024
-1.0,-0.5947262394047941
1.0,0.41949089256598726
-1.0,-0.07537180758584028
1.0,0.24795447908985424
1.0,0.49998663795446263
-1.0,-0.2081290018426516
1.0,0.15964787665933344
-1.0,-0.7077858859014456
-1.0,-1.0810265176755836
1.0,0.9986359137991754
-1.0,-0.5539884932337047
-1.0,-0.8124801100542827
-1.0,-1.4549315019557996
-1.0,-1.4246050944958897
1.0,0.6157245715510824
-1.0,-1.5923558163705154
-1.0,-0.7845951811792717
-1.0,-1.4321906895738736
-1.0,-1.1859942408269732
1.0,0.5119040884186445
-1.0,-2.1799023769228842
-1.0,-1.3883606849184404
-1.0,-1.8851276728995303
-1.0,-1.0862687122492518
-1.0,-1.2170353758070307
1.0,0.5457676079187748
1.0,1.4463103236941477
-1.0,-1.441110393564658
-1.0,-0.7129904270379954
-1.0,-1.781585912084468
-1.0,-0.4300797412168451
-1.0,-2.3141209432428713
-1.0,-1.9072704213488707
-1.0,-2.6336744713595994
-1.0,-0.7624109393001974
-1.0,-0.5749739994195708
1.0,0.015238326026915994
-1.0,-1.3000379003105438
1.0,0.40327126818675496
1.0,1.623911144318525
-1.0,-0.3748172794207123
-1.0,-0.13838631707659643
-1.0,-1.5935262879989425
1.0,0.5074317984551711
-1.0,-1.8784597819071125
-1.0,-1.8783936507296077
-1.0,-0.6974736250888911
-1.0,-1.2401195640413805
-1.0,-1.4006759893969176
-1.0,-1.3690780256489476
-1.0,-0.8739646542981079
-1.0,-1.781326862352843
-1.0,-0.82025365159234
1.0,0.24810196056421163
-1.0,-0.8777076700078525
1.0,0.6015298979295649
-1.0,-1.8281521936062022
1.0,0.5233822073620316
-1.0,-1.0698477142623817
-1.0,-1.0115816855076234
1.0,0.24932380563381984
-1.0,-2.953494084494311
-1.0,-1.692384836588248
-1.0,-1.7215422013798631
1.0,0.02818958208246003
1.0,0.3864209998023951
-1.0,-1.3513768696194022
-1.0,-1.7598712522259932
-1.0,-0.6641369767203302
-1.0,-1.85798782261884
-1.0,-1.964139122834412
-1.0,-0.9197534938682581
-1.0,-3.482286796161249
1.0,0.0753732304694934
-1.0,-2.392128929501043
-1.0,-1.7368450463371816
-1.0,-2.009947900038812
-1.0,-2.008086548378005
1.0,0.14144407280417526
1.0,0.6372254953912189
-1.0,-0.1796059079956096
-1.0,-2.2176417014568433
1.0,1.3290193615970323
-1.0,-0.2338901096852639
1.0,0.31902282039692254
-1.0,-1.3588730776971276
-1.0,-0.8930046433460193
1.0,0.18372812559027651
-1.0,-1.3766140151066126
-1.0,-2.6780397192760024
-1.0,-2.2372957401133835
-1.0,-2.50098626700259
1.0,0.07494120728136822
1.0,0.8560195210037576
1.0,1.837265294328999
1.0,0.21426911456589282
-1.0,-0.249316769062206
-1.0,-2.60138093390532
-1.0,-1.699990342701655
-1.0,-0.40981362006044875
-1.0,-0.6467827550555982
1.0,0.6434952276874795
-1.0,-1.834279410427884
-1.0,-2.0419831867223497
-1.0,-1.589099870247084
-1.0,-0.19697355593928179
-1.0,-2.0657582125557514
-1.0,-1.0591169133040823
-1.0,-0.6110034991323248
1.0,0.07972616005775834
1.0,1.9050606873190061
-1.0,-0.9243069613821733
-1.0,-1.0134312867095348
-1.0,-0.8049321422431619
1.0,0.6611634677504397
-1.0,-1.2908828191081072
-1.0,-1.0609012644910096
-1.0,-0.6369853219584927
-1.0,-1.7183808560026266
-1.0,-0.23308357764682497
-1.0,-1.2484478444873746
1.0,0.19797015201186086
1.0,0.5114124203070658
-1.0,-1.9140465700269276
-1.0,-2.722242508035892
-1.0,-1.2999118301895594
-1.0,-1.2823760882293145
-1.0,-0.3702158579279755
1.0,0.29855573486810116
-1.0,-1.4268701251660916
1.0,2.95034009079677
-1.0,-1.5827426123954653
1.0,0.988501599599543
-1.0,-0.5395580286452188
-1.0,-1.5808808444002709
1.0,0.29542266254656924
-1.0,-0.6313546587223884
-1.0,-1.7505800959727382
-1.0,-0.6712602911733272
-1.0,-1.853321860099301
-1.0,-0.890805150782741
-1.0,-1.8834064361461758
-1.0,-1.0423736286970227
-1.0,-1.7357211725675386
-1.0,-0.6360321301148717
-1.0,-1.3459775738033686
-1.0,-1.0581664948571772
-1.0,-0.8197255422454093
1.0,0.2598755852153529
1.0,0.4558262018007311
1.0,0.3156366500978136
1.0,0.38213274859248103
1.0,0.893570971957159
1.0,0.12827414541214766
-1.0,-1.0627248870017654
-1.0,-2.3806280319434467
-1.0,-2.0601551737036647
-1.0,-0.13584400050780387
-1.0,-1.2556263437496697
-1.0,-0.8299729113060736
1.0,0.4991912009912751
-1.0,-0.1339849423077355
1.0,0.5994100975420322
-1.0,-2.355727369022249
-1.0,-2.477371979964177
1.0,2.9558508764680465
1.0,1.4314349278077982
-1.0,-1.2359210329619843
-1.0,-2.144206794781782
-1.0,-0.5263563178144766
-1.0,-0.962833825169868
-1.0,-1.5201569962420096
-1.0,-1.4083419001399322
-1.0,-0.6745373452509982
1.0,0.3738005636753867
-1.0,-1.5458170856305757
1.0,0.9527162689476525
-1.0,-1.2816725626659335
-1.0,-2.488666175144319
-1.0,-1.1978025446521217
1.0,0.35124174634137106
-1.0,-2.487802570547048
-1.0,-0.184514408714479
-1.0,-2.0207695142898405
-1.0,-1.1144239635248725
-1.0,-2.3478680067685804
1.0,0.6935925679621262
-1.0,-1.151010109446476
-1.0,-0.7488945209376554
-1.0,-1.1210448267104611
-1.0,-1.6867376132705674
-1.0,-0.15171140357478108
-1.0,-0.829138795662631
-1.0,-0.5891462648949088
1.0,1.8576083710541396
-1.0,-0.3624790439766359
1.0,0.16584079761451975
-1.0,-0.3589804865548005
1.0,0.5690234054205219
-1.0,-1.0849150893779453
-1.0,-1.2633473370113977
1.0,1.7858942343297015
-1.0,-1.8114782857097695
-1.0,-0.40151206723231936
-1.0,-0.47722809276410927
1.0,1.1088257049691477
-1.0,-1.2118544803713591
-1.0,-0.7452736223036156
-1.0,-1.2575580490540703
-1.0,-2.0942312363147284
-1.0,-1.0506703383454992
-1.0,-1.3057899237765598
-1.0,-2.225320155469378
-1.0,-2.720621265365141
-1.0,-1.9132410233615376
-1.0,-0.8521358663876997
-1.0,-1.1270314434708568
1.0,0.45251070070497534
-1.0,-1.076637356750952
-1.0,-2.121283647688019
1.0,0.5714419073661914
-1.0,-0.5218101828670585
-1.0,-1.2208293383679363
1.0,1.173032185559576
-1.0,-1.8569664939399801
1.0,1.3023826093714759
-1.0,-1.3516044035401948
-1.0,-1.601380967432705
-1.0,-1.8342674141360378
1.0,0.3121117043344823
-1.0,-0.9736054185859773
-1.0,-1.7571641666368139
1.0,0.004097309745928479
-1.0,-2.1360523755172967
-1.0,-1.2008993455430657
1.0,0.06554148321185793
1.0,0.60310646839835
1.0,0.9828757938545307
-1.0,-0.26786967576703247
1.0,0.22947093465171364
1.0,0.8802368239350342
1.0,0.04619098145832212
-1.0,-0.9235024345354661
-1.0,-0.24213215536741628
-1.0,-0.8226100199669888
-1.0,-0.9844712361314139
-1.0,-2.0985413951576692
-1.0,-0.755321260694872
-1.0,-0.654020465894918
-1.0,-0.33692291135199226
-1.0,-2.6342218040204575
-1.0,-1.066289608081094
1.0,0.35310585385997073
-1.0,-0.5204137339122228
-1.0,-1.0816654394644176
1.0,0.0894682540513243
-1.0,-2.48997497231443
-1.0,-0.31796462959710126
1.0,0.043239641073056
-1.0,-1.4179965643847383
-1.0,-2.5343636770381313
-1.0,-0.04880925372504108
-1.0,-0.10283329285624787
-1.0,-1.0098344874604679
-1.0,-0.698365972470073
-1.0,-1.2880377636545874
1.0,1.1579202450975272
1.0,3.080134381987248
1.0,0.5004665582987384
1.0,0.9544378587436866
-1.0,-1.0523433980465045
-1.0,-0.9836998995822925
1.0,0.6651514985544493
-1.0,-1.9392746116207336
1.0,0.04687866954674136
1.0,1.6581843948952708
-1.0,-1.6420093087653542
1.0,2.1125984900148165
-1.0,-0.4510756406627381
-1.0,-1.068595102775136
-1.0,-0.5044055307662931
-1.0,-1.963291175946894
-1.0,-0.8857257540623509
1.0,0.003249742202852568
-1.0,-0.6430248266522101
-1.0,-0.07998035401289072
1.0,0.13276959067314764
1.0,0.9672099465224717
1.0,0.44546568803059317
-1.0,-2.3945686738958347
-1.0,-1.3206153513433507
-1.0,-0.7079245930174254
1.0,1.06460547217017
-1.0,-0.9250223959728616
-1.0,-0.9718740931472227
1.0,1.339847683670966
1.0,0.19595971050534744
-1.0,-0.761939932246493
-1.0,-2.0050172317441497
-1.0,-0.05419733515901881
-1.0,-1.4599552678766388
-1.0,-1.4672765557423888
-1.0,-1.0494181716459836
-1.0,-1.271707798002241
1.0,1.4721328262183973
-1.0,-0.026391403327922225
-1.0,-2.122991208175053
-1.0,-2.925295769890683
-1.0,-0.9056388166092704
-1.0,-0.8025941825707166
-1.0,-1.762837843849583
1.0,2.42081452385173
-1.0,-1.0476723156758696
-1.0,-0.07303210198546295
-1.0,-1.5151210196141294
-1.0,-1.6973314546052636
-1.0,-0.012358068195341465
-1.0,-2.365442917306668
-1.0,-1.16142540233068
-1.0,-1.066540223617723
-1.0,-1.1559041199032565
-1.0,-0.10820381710016291
-1.0,-1.2155149207156926
1.0,0.09399183662927002
-1.0,-0.6199762740167232
-1.0,-0.8659193451924823
-1.0,-1.5103421721862007
-1.0,-1.4608848583204137
-1.0,-2.165275324090546
-1.0,-0.271343237469013
-1.0,-0.21185629565661812
1.0,0.36019914674915143
-1.0,-0.8896997040710362
1.0,0.40242759847114784
1.0,0.9546210227625791
-1.0,-2.4280572168322028
1.0,2.373111678889982
-1.0,-2.2054826378415004
-1.0,-1.6175807854431257
1.0,1.7085735932112682
-1.0,-0.4707306662440389
1.0,1.973754190265309
-1.0,-0.1631816458145765
1.0,0.7118223003481587
-1.0,-0.36329083176917876
-1.0,-1.8209546719824645
-1.0,-2.158624687787496
-1.0,-0.831268590061258
-1.0,-0.6952031372800336
-1.0,-1.324205318735382
1.0,1.7573519275927636
-1.0,-2.0399644753350703
-1.0,-1.632594545675319
-1.0,-0.7823438388223865
-1.0,-0.3153387498336444
-1.0,-0.5558323925751567
-1.0,-0.5629092844268955
1.0,0.12419868716943783
1.0,0.39661511711159236
-1.0,-1.9380725120644813
1.0,0.3422522965753372
-1.0,-0.831772828720547
-1.0,-0.8637858766819606
1.0,2.6737300014406156
-1.0,-0.31541663568737177
1.0,2.3873739443046684
-1.0,-2.106372653924895
-1.0,-1.7152832830394702
-1.0,-1.6367416301482665
1.0,1.6936113137397781
1.0,1.5925186451316888
-1.0,-0.1987477011115304
-1.0,-1.5468683885040961
-1.0,-1.5942448086996721
-1.0,-2.029936003053537
1.0,0.06855563645859619
-1.0,-2.5050513775361782
-1.0,-0.5638258154438078
1.0,0.6215283961832354
-1.0,-2.1405760556483546
-1.0,-1.323255480046045
-1.0,-1.915775911558798
-1.0,-0.4808538076187021
1.0,0.16564183631481755
-1.0,-2.3330832105165786
-1.0,-0.4435541081624039
-1.0,-0.6714031113054391
-1.0,-2.1536492092080852
-1.0,-1.8421889248535892
-1.0,-0.9070902090305724
-1.0,-1.7370270432486465
-1.0,-0.35046214453729063
-1.0,-1.9112497340105408
-1.0,-1.3573736437980146
-1.0,-0.9465664187111444
1.0,0.15448786126120084
-1.0,-0.944304487799515
-1.0,-0.14605314281374304
-1.0,-1.0262615409322409
-1.0,-1.9572327047686728
-1.0,-0.7379396361536708
-1.0,-2.292526186900263
-1.0,-1.071653502053154
1.0,2.5397613448844805
1.0,0.17803385430261032
1.0,1.011833828302825
-1.0,-2.512089445390872
-1.0,-0.5766312130446651
1.0,0.3879214072909447
-1.0,-0.16068063548937217
1.0,0.5088124437314703
-1.0,-0.30152292003299563
-1.0,-0.5538487284823093
1.0,0.49902583333175543
-1.0,-1.2601359305386681
1.0,0.9504649679180359
-1.0,-1.6442004340044052
1.0,1.2989367662324283
-1.0,-0.07238583764387996
-1.0,-0.7968382341111935
-1.0,-0.30280303777189643
-1.0,-1.5089847823874167
-1.0,-2.131541603436178
-1.0,-1.1474122894281906
1.0,0.09588496637269217
-1.0,-1.7420081093522997
-1.0,-1.6097730052021022
-1.0,-1.6755175232179071
1.0,1.9097256969604344
1.0,0.3681301413609488
-1.0,-1.2510504952300623
-1.0,-0.8563381319775674
-1.0,-1.8755744164728883
-1.0,-1.1750959712907745
-1.0,-1.0819454253137921
1.0,1.2105467494734496
-1.0,-2.062183121042496
-1.0,-1.0890069228400152
1.0,0.38543138879356165
1.0,1.4086179790875788
1.0,0.7720750908140401
1.0,0.22273791481398875
1.0,1.0953388505783421
-1.0,-2.3248064220526334
-1.0,-1.7928059526087183
-1.0,-1.2418351738555218
1.0,2.8913562308995875
-1.0,-0.33731638470794834
-1.0,-1.105002832689992
-1.0,-1.532516991740694
1.0,2.9416060846764918
-1.0,-2.356229917015698
-1.0,-1.1409449266493554
-1.0,-1.7206321353821765
-1.0,-0.3775459899910645
1.0,0.19396929603328616
-1.0,-0.6494114801145103
-1.0,-0.7565366928297992
-1.0,-1.0714639186657011
-1.0,-2.2200791137432834
1.0,1.7131282459154404
-1.0,-1.9859638313337216
-1.0,-0.5349179716772043
-1.0,-0.693035839074186
1.0,1.1832908113022411
-1.0,-1.1945175047520722
1.0,0.1454334925498968
1.0,1.1099968292670026
1.0,1.1222421031200993
-1.0,-0.5991903878131681
-1.0,-0.6177004826496402
-1.0,-1.42612025095781
-1.0,-0.7649818147880596
1.0,0.2119811545277328
-1.0,-1.3512057837729132
-1.0,-2.317375731052609
-1.0,-1.276557128511685
-1.0,-2.0375734856558
-1.0,-1.2836764919431987
-1.0,-1.4010543410547613
1.0,2.6198930441947237
-1.0,-2.2024854904469766
-1.0,-1.3363899599943936
-1.0,-0.15403636180275426
-1.0,-0.718223841211058
-1.0,-1.444538755585144
1.0,0.027655288251024368
-1.0,-0.3977699573025022
-1.0,-0.653160347501087
-1.0,-1.5383331285000865
-1.0,-0.9946460929825791
-1.0,-0.8517154778696197
-1.0,-1.6021651301464332
-1.0,-1.617953284852719
1.0,0.05773439098055477
1.0,1.1161722221253838
-1.0,-1.022449561368093
-1.0,-0.7495100178603609
1.0,1.0570713912038043
-1.0,-0.02952626929078561
1.0,2.628462979639492
-1.0,-2.8917708885963425
-1.0,-1.0590377783522074
-1.0,-2.087392289985475
1.0,0.4970428375365812
-1.0,-0.06514033627178306
-1.0,-1.2006707818039233
-1.0,-0.5856828380877361
-1.0,-2.4506337274614243
-1.0,-1.6030809527055696
1.0,0.3429438317269826
1.0,2.142955341740473
-1.0,-2.141275014068528
-1.0,-1.2118478870880283
-1.0,-0.49455943624275434
1.0,1.244860962702431
-1.0,-1.4076646533254136
-1.0,-1.7883054901933535
1.0,1.9271480318616325
-1.0,-1.2028956041921803
1.0,2.2843733533011896
-1.0,-2.0174715908389107
-1.0,-1.3261668859350964
-1.0,-0.07985782341074965
1.0,0.11859187997361986
-1.0,-0.9724576406173371
-1.0,-0.44686074571029777
-1.0,-2.2245547101814527
-1.0,-0.7728653107997745
-1.0,-1.1024040016312726
-1.0,-1.3225796442695825
-1.0,-1.0324713566272992
-1.0,-0.8332930219792176
1.0,0.8747240002925294
-1.0,-1.0696574823907683
-1.0,-1.7513423652765725
-1.0,-1.2325418947779114
-1.0,-0.6230880787152857
1.0,2.2038691554448615
-1.0,-2.2657033843607355
-1.0,-1.1494334942988205
1.0,1.8336892273191536
-1.0,-0.14879342460864264
1.0,0.4055039943486902
1.0,0.520391925139988
1.0,1.312762442140807
-1.0,-1.900023221553967
-1.0,-2.0931419042469788
-1.0,-2.012486880717292
-1.0,-1.7120929043612152
-1.0,-1.5349254217804302
-1.0,-1.4086707184879985
-1.0,-0.16270608874842352
-1.0,-1.6872583006321535
-1.0,-0.04326803598428497
1.0,1.1782370250868992
1.0,0.9684562649629795
-1.0,-2.420361062057909
1.0,0.3325203037078934
-1.0,-1.4019206546893217
1.0,0.6919200216502743
1.0,0.1949258575785946
1.0,0.32903554629694853
-1.0,-0.2948799527459316
-1.0,-1.1178650323008712
1.0,0.9352649853928467
-1.0,-0.009266033298674037
1.0,2.8394771001445047
1.0,0.15412420160390483
-1.0,-1.044878219822239
1.0,0.09298874772366461
-1.0,-1.1675570034889249
-1.0,-0.8561886187710586
1.0,0.5489969656447313
-1.0,-1.0208815273585417
1.0,0.465305341467227
1.0,0.6063729495579067
-1.0,-1.2169061466511282
-1.0,-0.15820067893611323
-1.0,-0.4344397228721293
1.0,0.3538653047602891
-1.0,-1.717521799949681
1.0,1.1829955738176336
1.0,1.6311160058074832
-1.0,-1.09764354001385
1.0,1.6161695566365764
-1.0,-1.8241103899458169
-1.0,-0.14303712008597969
-1.0,-1.634866581726756
-1.0,-1.7272214693407493
-1.0,-1.3490560862499608
-1.0,-2.3280282352985484
-1.0,-0.30417594235916723
1.0,0.5149283566108791
-1.0,-0.506013865593731
1.0,0.9715359343712449
-1.0,-0.6975010910143753
1.0,0.32951585684190676
1.0,0.4271190336033881
1.0,1.7516659448281173
-1.0,-1.3610472398086146
-1.0,-2.117320393584807
1.0,0.41942646139426487
-1.0,-0.8346336671115766
-1.0,-1.9216618740196638
-1.0,-0.36131868625966646
-1.0,-1.3858446144572
-1.0,-1.6343731514629114
-1.0,-0.8491712381709264
-1.0,-1.5648478582349996
-1.0,-0.4810060265029408
-1.0,-1.4194672728419293
1.0,1.548789020650075
-1.0,-2.0060477470964333
-1.0,-1.636785937867559
-1.0,-2.2542549985593627
-1.0,-1.453196633968959
-1.0,-2.888813939713943
-1.0,-1.8157149019971273
-1.0,-1.7362037405737867
-1.0,-1.1151404775333462
-1.0,-1.5353748057968362
1.0,2.3470190000034545
-1.0,-1.590455640680945
-1.0,-1.10621166595965
-1.0,-1.1309123011516264
-1.0,-1.9691133081397554
-1.0,-1.0452657939181351
-1.0,-1.6169056807254394
1.0,0.05184913627078758
-1.0,-1.348993762826298
-1.0,-0.9718739799486131
1.0,0.07472942198375976
-1.0,-0.9279668471012898
-1.0,-1.944234266824539
-1.0,-1.2682995666193635
1.0,2.139964879537386
-1.0,-0.5658242957100599
1.0,1.0253061387615203
-1.0,-1.1233330948445557
-1.0,-1.3885845313296856
-1.0,-1.0954496934436422
-1.0,-1.1752313420510931
-1.0,-1.3093714189787435
1.0,0.39178033923025013
-1.0,-1.143044112839222
-1.0,-1.8275914100959214
-1.0,-2.432478992983933
-1.0,-1.647666603104314
1.0,0.5385473399662131
-1.0,-0.8755179576142511
-1.0,-1.4271644701014468
-1.0,-1.1816378783265138
-1.0,-1.2049567601703204
-1.0,-0.8378225558767001
-1.0,-0.16264084141670465
-1.0,-0.34188668323003113
-1.0,-0.672728216242662
-1.0,-1.777340221358658
-1.0,-0.45447376244209337
-1.0,-1.4723679346834062
1.0,1.0792080732090865
-1.0,-0.6571083651552401
-1.0,-1.9460610739953397
1.0,0.27261238943122934
-1.0,-0.06360325855558968
1.0,0.42602935145055043
-1.0,-0.9201282248069462
-1.0,-0.5517823502622166
-1.0,-1.6428108458231934
1.0,0.26088434061841625
-1.0,-1.5438467099548931
-1.0,-1.3998897569276794
-1.0,-1.5999431761880503
-1.0,-0.9422242981551692
1.0,1.34756222608746
-1.0,-0.9702249577404147
-1.0,-1.007438771204251
-1.0,-1.4441470843970607
1.0,1.3674087059222855
-1.0,-0.8094162866436265
-1.0,-0.6818091558085386
-1.0,-1.7934590803487838
1.0,0.5955233141769425
-1.0,-1.1543148310270241
-1.0,-0.712922817079688
1.0,1.07623957842773
-1.0,-0.2244919444497684
-1.0,-2.202084165911687
-1.0,-1.1216354442468643
1.0,1.5602354654632207
1.0,4.279895922356898
1.0,0.12711812658932176
1.0,1.9927976742015387
-1.0,-0.07013490603822148
-1.0,-0.6625993782066943
-1.0,-1.690773983968599
-1.0,-1.1128373393690383
-1.0,-0.10788818266181166
-1.0,-0.11839036429626204
-1.0,-2.24494216597566
-1.0,-0.9385083535325991
-1.0,-1.5318247422407312
1.0,1.0617288435756207
-1.0,-1.0392114723385946
-1.0,-1.7477926330399798
1.0,0.6739036931453468
-1.0,-0.4731455577550052
-1.0,-0.6147876098444855
-1.0,-0.7387942328406909
-1.0,-1.6796725123441563
-1.0,-0.8444794608233808
1.0,1.1735991353592665
-1.0,-1.0500659806896822
1.0,2.3045628821245128
-1.0,-1.2369190730705684
-1.0,-1.2211553878665897
-1.0,-0.4131675724223116
-1.0,-1.2183686571053742
1.0,0.2006131281304404
1.0,1.3744382394772272
-1.0,-0.8974018735527254
-1.0,-0.41194765546271284
-1.0,-0.9560004600999734
1.0,2.324755484338594
-1.0,-2.2133516341236845
1.0,2.2866228883357262
-1.0,-0.9431595158573616
-1.0,-1.3323791949933381
-1.0,-1.7955497695983256
-1.0,-2.2820435073931566
-1.0,-0.12788882189733086
-1.0,-1.141529413904722
-1.0,-1.7889516178108253
-1.0,-1.7735143868458196
-1.0,-2.042438214842038
1.0,1.7453241106253456
-1.0,-0.8756953870260433
1.0,1.4915541339388467
1.0,0.3371886328174567
-1.0,-1.5719532898622803
-1.0,-1.2150382729665254
-1.0,-2.509663665940481
-1.0,-1.4706593446655931
-1.0,-2.0935793458749306
-1.0,-1.9566222675055387
-1.0,-1.72792581118904
-1.0,-0.9961047309087989
1.0,1.5827783213705386
1.0,0.021578733012630247
-1.0,-1.8884133266885799
-1.0,-2.603784024246524
1.0,2.6924955180764965
-1.0,-1.8411828843383675
-1.0,-0.8874729237433046
-1.0,-1.9885994456680594
-1.0,-0.7799977132439169
1.0,3.454409035710311
-1.0,-1.2590928255816622
-1.0,-0.19543797450461553
1.0,3.706783680363513
1.0,1.0895757075766979
-1.0,-0.11450059150047465
-1.0,-1.7428544090853977
-1.0,-1.950143658692811
-1.0,-2.9126565088795946
-1.0,-2.0468289019397066
-1.0,-0.3561451860151139
-1.0,-1.3050616942238678
1.0,0.4263605359270157
-1.0,-1.2014079307344347
-1.0,-0.3191135890381831
-1.0,-1.26792001227159
-1.0,-0.87156794597894
-1.0,-1.2783446022054947
1.0,0.06792320700304644
-1.0,-0.8323934853229404
1.0,1.1147753671360745
-1.0,-3.09198776359864
-1.0,-1.2144244528361712
-1.0,-1.4884807671055016
-1.0,-1.3524146823133394
-1.0,-1.0026033450663208
-1.0,-2.234739957148692
-1.0,-1.0191143129167999
1.0,2.1317183542844855
1.0,0.20062110358963836
-1.0,-1.8474756275737734
-1.0,-0.755496858458345
-1.0,-0.6264452025738494
-1.0,-1.6547040669878486
-1.0,-1.3856131140228187
-1.0,-1.570159282645365
-1.0,-1.634837280336855
-1.0,-0.8385836414962584
-1.0,-1.7938381261008673
-1.0,-0.7897054534064425
-1.0,-0.9817341758332547
-1.0,-0.32701314775386137
1.0,0.1862564703530991
-1.0,-0.35402065280351436
-1.0,-1.6438256933486188
-1.0,-1.7708834359182235
1.0,1.4744524030941177
-1.0,-1.0264469434275172
-1.0,-0.7644267808414058
-1.0,-1.6839144766051974
-1.0,-0.863959168463454
1.0,0.7421989199058869
-1.0,-0.8323275602944038
-1.0,-1.3722778031657314
-1.0,-0.9501456532761965
1.0,0.6961921130474009
-1.0,-1.5773275073354982
1.0,0.21865307012330804
-1.0,-1.3510727856781857
-1.0,-1.603114667586057
-1.0,-0.09574740861722986
-1.0,-0.6650963321336592
-1.0,-2.6733261732047158
1.0,0.40509608969722266
1.0,0.4477884621653614
-1.0,-0.7018149736859998
-1.0,-1.4123172721620578
1.0,1.2674475894577297
-1.0,-2.5966781920679995
-1.0,-0.07426814061159503
-1.0,-0.4900698127092953
-1.0,-1.5054794055535596
1.0,0.16001659431168336
-1.0,-0.5177365185404612
-1.0,-1.0193783998269639
1.0,0.6426141590273444
1.0,0.6806971173349992
-1.0,-1.0801475924748745
-1.0,-0.508403519070727
-1.0,-2.162075231813221
1.0,0.20467693943288467
-1.0,-1.157653953505873
-1.0,-3.119154700575111
-1.0,-2.000799762833596
-1.0,-0.43630375687235
-1.0,-0.35707492767864024
-1.0,-1.9601119427241558
-1.0,-0.8736575679976128
1.0,2.468757385014099
-1.0,-3.4040167940396504
-1.0,-0.12349584960253579
1.0,0.6831140867443521
-1.0,-0.1916407246820897
-1.0,-2.5440495795666624
-1.0,-0.6080762997201548
-1.0,-1.689455482925611
1.0,1.3883608652162123
1.0,1.8956694182019176
-1.0,-0.19150854635842207
1.0,0.1024695518207166
-1.0,-3.1736168797739897
-1.0,-3.281119794809003
1.0,0.6873390329722595
1.0,0.3252686488532943
1.0,2.6141141603458475
-1.0,-1.7185627541129536
-1.0,-1.132544255867545
-1.0,-1.706267569948922
-1.0,-2.0604125649764473
-1.0,-1.9174975247391914
-1.0,-1.2524647521582908
-1.0,-1.3575566289662235
-1.0,-2.05130871638835
-1.0,-1.8504442529778673
-1.0,-1.563396934235813
-1.0,-0.19691023578963196
-1.0,-1.011872581975412
-1.0,-1.6280058371116881
-1.0,-0.9077235867919187
-1.0,-2.67341288067246
-1.0,-1.368916488925153
-1.0,-0.00998269045447997
-1.0,-0.47117207009165596
1.0,1.7986112477606737
-1.0,-1.905047087981872
-1.0,-0.034787565230489426
-1.0,-1.2269467103460572
-1.0,-0.3424157738229512
-1.0,-1.6819733031602497
-1.0,-1.8722273048113622
-1.0,-0.003131845763876262
1.0,0.05785610477204117
1.0,1.6559365177907053
-1.0,-1.1496494792575065
-1.0,-0.29100516985840996
1.0,0.05815304925653053
-1.0,-0.26684345122868236
-1.0,-2.5536076418487728
1.0,0.8727124667561255
-1.0,-2.0426802652793885
-1.0,-1.1306090238479116
-1.0,-0.4444384005465183
-1.0,-1.9550531324765659
-1.0,-1.0344354069862918
-1.0,-1.832740948334562
1.0,0.9588519415956951
-1.0,-1.3093094966142205
-1.0,-0.9823048945511361
-1.0,-0.7519582650433578
1.0,0.9791667968220834
1.0,1.5031882242953982
1.0,0.2518526423954184
1.0,1.3688526685094173
-1.0,-1.8120279681286904
-1.0,-1.0597966405317167
1.0,0.0929427495760804
-1.0,-1.4501994685030597
1.0,1.0573571282906171
1.0,1.1321355503723665
-1.0,-0.6090046648782861
-1.0,-1.210248441304772
-1.0,-0.16077412671148905
-1.0,-1.688276301940279
-1.0,-2.5979205700233496
-1.0,-0.9612416497585075
-1.0,-0.8930082744309418
1.0,0.3875844012115677
-1.0,-4.018192872010305
-1.0,-1.7661517493878038
1.0,0.41760063925926105
-1.0,-0.581055207727333
1.0,1.1416816543922421
1.0,0.606889466857693
-1.0,-1.0160169767191876
-1.0,-0.6799414079471846
-1.0,-0.9799400659474615
-1.0,-1.8923918296160893
1.0,0.9712502359881781
-1.0,-1.8467029198193374
1.0,1.1331985896656518
-1.0,-0.30621713456111066
1.0,0.6720880107081924
-1.0,-1.7541151334173735
-1.0,-1.6546984856922238
-1.0,-0.28600712274521967
1.0,0.22185151006743653
-1.0,-0.6227004940309386
-1.0,-1.1599746498727102
-1.0,-1.4828270621624442
-1.0,-1.1132877799580585
-1.0,-2.2950674906049375
-1.0,-1.1463185776382845
-1.0,-0.09658520012561822
-1.0,-0.6139293648599862
